ID,Education
0,10th Pass
1,Post Graduate
2,Graduate
3,Post Graduate
4,Post Graduate
5,Post Graduate
6,12th Pass
7,Post Graduate
8,Graduate
9,Post Graduate
10,10th Pass
11,Graduate
12,Graduate
13,Post Graduate
14,Graduate
15,Post Graduate
16,Graduate
17,Graduate Professional
18,12th Pass
19,Post Graduate
20,Graduate
21,Graduate
22,Graduate
23,Graduate Professional
24,10th Pass
25,Graduate Professional
26,Graduate Professional
27,Graduate Professional
28,12th Pass
29,Graduate Professional
30,12th Pass
31,Graduate
32,10th Pass
33,Graduate
34,Graduate
35,Post Graduate
36,Post Graduate
37,12th Pass
38,Graduate
39,Graduate
40,Graduate Professional
41,Post Graduate
42,Post Graduate
43,Post Graduate
44,Graduate Professional
45,Graduate
46,12th Pass
47,Post Graduate
48,Post Graduate
49,Graduate
50,Graduate Professional
51,12th Pass
52,Post Graduate
53,12th Pass
54,10th Pass
55,Graduate
56,Post Graduate
57,Graduate
58,Graduate Professional
59,12th Pass
60,Graduate
61,Post Graduate
62,Graduate
63,12th Pass
64,Graduate
65,12th Pass
66,Graduate Professional
67,Post Graduate
68,Graduate
69,Graduate Professional
70,Graduate
71,Post Graduate
72,Post Graduate
73,Post Graduate
74,Graduate
75,Graduate Professional
76,Graduate
77,Graduate
78,Post Graduate
79,Graduate Professional
80,Graduate
81,Post Graduate
82,Graduate
83,Post Graduate
84,Graduate Professional
85,Graduate
86,12th Pass
87,Graduate Professional
88,Graduate
89,Graduate
90,Graduate
91,Graduate
92,12th Pass
93,Graduate
94,Graduate Professional
95,12th Pass
96,Post Graduate
97,Post Graduate
98,Graduate
99,12th Pass
100,12th Pass
101,Graduate
102,Post Graduate
103,Post Graduate
104,Graduate
105,10th Pass
106,Post Graduate
107,10th Pass
108,Graduate
109,Graduate
110,12th Pass
111,Graduate
112,Graduate
113,10th Pass
114,Graduate
115,Post Graduate
116,Graduate
117,10th Pass
118,Graduate
119,Post Graduate
120,Graduate
121,Post Graduate
122,12th Pass
123,Graduate
124,Graduate
125,Post Graduate
126,Graduate Professional
127,Graduate
128,Post Graduate
129,Graduate
130,Graduate Professional
131,12th Pass
132,Graduate
133,Graduate
134,Graduate
135,Graduate
136,12th Pass
137,12th Pass
138,Graduate Professional
139,Graduate Professional
140,10th Pass
141,Graduate
142,Graduate
143,Post Graduate
144,Graduate
145,12th Pass
146,Graduate
147,Graduate
148,Graduate
149,10th Pass
150,Graduate Professional
151,Graduate
152,Graduate
153,Graduate
154,Graduate Professional
155,Post Graduate
156,12th Pass
157,Post Graduate
158,Graduate
159,12th Pass
160,Graduate Professional
161,Graduate
162,12th Pass
163,Post Graduate
164,Post Graduate
165,Graduate Professional
166,Graduate
167,12th Pass
168,Graduate Professional
169,Graduate
170,Graduate Professional
171,Post Graduate
172,Graduate Professional
173,Graduate
174,Graduate Professional
175,Graduate
176,Post Graduate
177,Graduate
178,Post Graduate
179,Post Graduate
180,Graduate Professional
181,Graduate Professional
182,Graduate
183,Graduate
184,Post Graduate
185,Graduate Professional
186,Graduate Professional
187,10th Pass
188,12th Pass
189,Graduate Professional
190,Graduate
191,Graduate
192,Graduate
193,Graduate Professional
194,Graduate
195,12th Pass
196,Graduate Professional
197,Graduate
198,Graduate Professional
199,Graduate
200,Graduate
201,Post Graduate
202,Post Graduate
203,Post Graduate
204,Graduate
205,Graduate
206,Graduate
207,Graduate Professional
208,Post Graduate
209,12th Pass
210,Graduate
211,12th Pass
212,Graduate
213,Graduate
214,12th Pass
215,Graduate Professional
216,Graduate
217,Graduate
218,Post Graduate
219,Graduate
220,12th Pass
221,Graduate
222,Post Graduate
223,Post Graduate
224,Graduate Professional
225,Graduate
226,Post Graduate
227,Graduate
228,Graduate
229,10th Pass
230,Graduate
231,Graduate
232,Post Graduate
233,12th Pass
234,Graduate Professional
235,Graduate
236,Post Graduate
237,Graduate
238,12th Pass
239,Graduate
240,Graduate
241,Post Graduate
242,Post Graduate
243,10th Pass
244,Post Graduate
245,Post Graduate
246,Graduate Professional
247,Graduate
248,Graduate
249,Post Graduate
250,Post Graduate
251,Post Graduate
252,Graduate
253,Post Graduate
254,Graduate
255,Graduate
256,Graduate
257,12th Pass
258,Graduate Professional
259,Post Graduate
260,Graduate Professional
261,12th Pass
262,Graduate
263,12th Pass
264,Post Graduate
265,Post Graduate
266,Graduate
267,Post Graduate
268,Post Graduate
269,Post Graduate
270,Graduate
271,Graduate Professional
272,Post Graduate
273,Graduate
274,Graduate Professional
275,12th Pass
276,Graduate
277,12th Pass
278,Graduate
279,12th Pass
280,Graduate
281,10th Pass
282,Graduate
283,12th Pass
284,Graduate
285,Graduate
286,Graduate
287,Graduate Professional
288,Post Graduate
289,Graduate
290,Post Graduate
291,Post Graduate
292,Graduate
293,Graduate
294,12th Pass
295,Graduate Professional
296,Graduate
297,Graduate Professional
298,Post Graduate
299,Post Graduate
300,Graduate Professional
301,Post Graduate
302,Graduate
303,Post Graduate
304,Graduate
305,Graduate Professional
306,Graduate
307,Post Graduate
308,Graduate
309,Graduate
310,Graduate
311,Graduate
312,10th Pass
313,Graduate Professional
314,12th Pass
315,Post Graduate
316,Graduate
317,10th Pass
318,Post Graduate
319,Graduate
320,Graduate
321,Graduate
322,Post Graduate
323,Graduate
324,Graduate
325,Graduate
326,Post Graduate
327,12th Pass
328,Post Graduate
329,Graduate
330,Graduate
331,10th Pass
332,Graduate
333,Graduate
334,12th Pass
335,Graduate
336,Graduate
337,Post Graduate
338,Post Graduate
339,Post Graduate
340,12th Pass
341,10th Pass
342,Graduate
343,12th Pass
344,Graduate
345,Graduate
346,Graduate Professional
347,Graduate
348,Graduate
349,Post Graduate
350,Graduate Professional
351,Graduate Professional
352,Graduate
353,Graduate Professional
354,Graduate
355,Graduate Professional
356,Graduate
357,Graduate
358,Post Graduate
359,12th Pass
360,Post Graduate
361,12th Pass
362,Graduate Professional
363,Post Graduate
364,Graduate
365,Graduate Professional
366,10th Pass
367,Graduate
368,12th Pass
369,Graduate
370,Graduate Professional
371,Post Graduate
372,Post Graduate
373,Graduate
374,12th Pass
375,Post Graduate
376,Graduate
377,10th Pass
378,Graduate Professional
379,Graduate
380,12th Pass
381,12th Pass
382,Graduate
383,Graduate
384,Graduate
385,Post Graduate
386,10th Pass
387,12th Pass
388,Post Graduate
389,Graduate
390,Post Graduate
391,12th Pass
392,Post Graduate
393,Post Graduate
394,Post Graduate
395,Graduate
396,Graduate Professional
397,12th Pass
398,12th Pass
399,Post Graduate
400,Graduate Professional
401,12th Pass
402,12th Pass
403,Graduate
404,12th Pass
405,Post Graduate
406,Graduate
407,Graduate
408,Post Graduate
409,Graduate
410,12th Pass
411,Post Graduate
412,Post Graduate
413,Graduate Professional
414,Graduate
415,Graduate Professional
416,Graduate
417,Graduate
418,Post Graduate
419,Graduate
420,Post Graduate
421,Graduate Professional
422,12th Pass
423,Post Graduate
424,Graduate
425,12th Pass
426,Graduate
427,Graduate
428,Graduate Professional
429,Graduate
430,Graduate
431,Post Graduate
432,12th Pass
433,Graduate Professional
434,Post Graduate
435,Graduate
436,Post Graduate
437,Graduate Professional
438,Post Graduate
439,Post Graduate
440,Graduate
441,Graduate
442,Graduate Professional
443,Post Graduate
444,Graduate Professional
445,Post Graduate
446,Graduate
447,Graduate Professional
448,Post Graduate
449,Post Graduate
450,Graduate Professional
451,Graduate
452,12th Pass
453,Graduate Professional
454,Post Graduate
455,Graduate
456,12th Pass
457,Graduate
458,Post Graduate
459,Post Graduate
460,Graduate
461,12th Pass
462,12th Pass
463,10th Pass
464,Graduate
465,Post Graduate
466,Graduate
467,Graduate
468,Graduate
469,Graduate Professional
470,Graduate
471,Graduate Professional
472,Graduate Professional
473,Graduate Professional
474,Post Graduate
475,12th Pass
476,Graduate
477,12th Pass
478,Graduate
479,Graduate Professional
480,Graduate
481,Graduate
482,Graduate
483,12th Pass
484,Graduate Professional
485,Graduate Professional
486,Graduate
487,Graduate Professional
488,Graduate
489,Post Graduate
490,Post Graduate
491,Graduate
492,Post Graduate
493,10th Pass
494,Graduate
495,Graduate
496,Graduate
497,Post Graduate
498,Post Graduate
499,Graduate
500,Graduate
501,Graduate
502,Graduate
503,Graduate
504,Post Graduate
505,Graduate
506,12th Pass
507,Graduate
508,Graduate
509,Graduate
510,Graduate Professional
511,Graduate
512,Graduate
513,Graduate
514,10th Pass
515,12th Pass
516,12th Pass
517,Graduate
518,Graduate
519,Graduate
520,Post Graduate
521,Graduate
522,12th Pass
523,Post Graduate
524,Post Graduate
525,Graduate
526,Graduate
527,12th Pass
528,Graduate
529,Graduate Professional
530,Graduate
531,Post Graduate
532,12th Pass
533,Graduate Professional
534,Graduate
535,Post Graduate
536,Graduate Professional
537,12th Pass
538,Graduate
539,12th Pass
540,Graduate
541,Graduate
542,12th Pass
543,Graduate
544,Graduate
545,Graduate
546,Graduate Professional
547,Graduate
548,Graduate
549,Graduate
550,Graduate
551,Post Graduate
552,Graduate
553,Graduate
554,Post Graduate
555,Graduate
556,Graduate
557,Graduate
558,Graduate
559,10th Pass
560,12th Pass
561,Post Graduate
562,Post Graduate
563,Post Graduate
564,Graduate
565,Graduate
566,Post Graduate
567,Graduate
568,Graduate
569,12th Pass
570,Graduate
571,Post Graduate
572,Graduate
573,12th Pass
574,Graduate
575,Graduate
576,Post Graduate
577,12th Pass
578,12th Pass
579,12th Pass
580,Graduate Professional
581,Graduate Professional
582,Post Graduate
583,Post Graduate
584,Graduate
585,Post Graduate
586,Post Graduate
587,Graduate
588,Graduate
589,Post Graduate
590,Graduate
591,Graduate Professional
592,Graduate
593,Graduate Professional
594,Graduate
595,12th Pass
596,Post Graduate
597,Post Graduate
598,Graduate
599,Post Graduate
600,Graduate
601,Graduate Professional
602,Graduate
603,12th Pass
604,Graduate
605,10th Pass
606,Graduate
607,Graduate
608,Graduate
609,Post Graduate
610,Post Graduate
611,Graduate
612,Graduate Professional
613,Post Graduate
614,Graduate
615,Graduate
616,Graduate
617,Graduate
618,Graduate
619,Graduate
620,Graduate Professional
621,Graduate Professional
622,Post Graduate
623,Post Graduate
624,Graduate
625,Graduate
626,Graduate
627,Graduate Professional
628,Graduate
629,Graduate
630,Post Graduate
631,Post Graduate
632,Graduate
633,10th Pass
634,Graduate
635,Graduate
636,Graduate Professional
637,Post Graduate
638,Graduate
639,Graduate Professional
640,Post Graduate
641,Post Graduate
642,10th Pass
643,10th Pass
644,Graduate
645,Graduate Professional
646,12th Pass
647,Graduate
648,Graduate
649,10th Pass
650,Graduate Professional
651,12th Pass
652,Graduate
653,Post Graduate
654,Graduate
655,Graduate
656,Graduate
657,Graduate
658,Graduate
659,Graduate
660,Graduate Professional
661,Graduate
662,12th Pass
663,Graduate
664,Post Graduate
665,Graduate
666,Post Graduate
667,Graduate Professional
668,Graduate
669,12th Pass
670,Post Graduate
671,Graduate
672,Post Graduate
673,Graduate
674,Graduate
675,Post Graduate
676,Post Graduate
677,Post Graduate
678,Graduate Professional
679,Graduate
680,Graduate
681,Graduate Professional
682,Post Graduate
683,Graduate
684,12th Pass
685,Graduate
686,Graduate
687,12th Pass
688,Graduate
689,Graduate
690,Post Graduate
691,Post Graduate
692,Graduate
693,Graduate
694,12th Pass
695,Graduate
696,12th Pass
697,12th Pass
698,Graduate
699,12th Pass
700,Post Graduate
701,Graduate
702,Graduate
703,12th Pass
704,Graduate Professional
705,12th Pass
706,Post Graduate
707,Post Graduate
708,10th Pass
709,Graduate
710,Graduate Professional
711,Graduate Professional
712,Graduate Professional
713,12th Pass
714,Post Graduate
715,Post Graduate
716,Graduate
717,Post Graduate
718,Graduate
719,Graduate Professional
720,12th Pass
721,Post Graduate
722,10th Pass
723,Graduate
724,Post Graduate
725,Post Graduate
726,Graduate
727,Graduate
728,Graduate Professional
729,Post Graduate
730,Graduate
731,12th Pass
732,Post Graduate
733,Graduate
734,Graduate
735,10th Pass
736,Post Graduate
737,12th Pass
738,Graduate
739,Post Graduate
740,Graduate
741,Graduate Professional
742,Graduate
743,12th Pass
744,Graduate
745,Post Graduate
746,Graduate Professional
747,Graduate
748,Post Graduate
749,Graduate
750,Graduate
751,10th Pass
752,Graduate
753,Graduate
754,Graduate
755,Post Graduate
756,Post Graduate
757,12th Pass
758,Graduate Professional
759,Graduate
760,Graduate
761,Post Graduate
762,Graduate Professional
763,10th Pass
764,Graduate
765,Graduate
766,Graduate
767,12th Pass
768,Graduate
769,Post Graduate
770,Post Graduate
771,Graduate Professional
772,Post Graduate
773,Graduate
774,Graduate
775,12th Pass
776,Graduate Professional
777,Graduate
778,Graduate
779,12th Pass
780,Graduate Professional
781,Graduate
782,12th Pass
783,Graduate
784,12th Pass
785,Post Graduate
786,Graduate Professional
787,Graduate
788,Graduate Professional
789,Post Graduate
790,Post Graduate
791,Graduate
792,Graduate
793,Post Graduate
794,Graduate
795,Graduate
796,Graduate
797,12th Pass
798,Graduate
799,Graduate
800,Post Graduate
801,Graduate
802,Graduate
803,Post Graduate
804,Graduate Professional
805,Graduate Professional
806,Graduate
807,Graduate Professional
808,Graduate
809,Post Graduate
810,10th Pass
811,Post Graduate
812,Post Graduate
813,Graduate Professional
814,Graduate
815,Graduate
816,Post Graduate
817,Graduate
818,Graduate Professional
819,Graduate Professional
820,Graduate
821,Graduate
822,Graduate
823,Graduate
824,Graduate Professional
825,Post Graduate
826,Graduate
827,12th Pass
828,12th Pass
829,Graduate
830,Graduate
831,10th Pass
832,Graduate
833,Graduate
834,Graduate
835,Graduate
836,Graduate Professional
837,Post Graduate
838,Post Graduate
839,Graduate
840,Graduate
841,Graduate
842,Post Graduate
843,Post Graduate
844,12th Pass
845,Graduate
846,Graduate
847,Post Graduate
848,Graduate
849,10th Pass
850,Graduate Professional
851,12th Pass
852,Post Graduate
853,12th Pass
854,Post Graduate
855,Graduate
856,Graduate Professional
857,Graduate Professional
858,Graduate
859,Post Graduate
860,Post Graduate
861,Post Graduate
862,Graduate Professional
863,Graduate
864,Graduate
865,Post Graduate
866,Graduate
867,Graduate
868,Graduate Professional
869,Graduate
870,Graduate
871,Graduate
872,Graduate Professional
873,Graduate Professional
874,Graduate
875,Graduate
876,Graduate
877,Graduate Professional
878,Post Graduate
879,Graduate
880,Graduate Professional
881,Graduate Professional
882,Graduate
883,Graduate
884,Graduate
885,Graduate Professional
886,Post Graduate
887,Graduate
888,Graduate
889,12th Pass
890,12th Pass
891,12th Pass
892,Graduate
893,Graduate
894,Graduate
895,Post Graduate
896,Post Graduate
897,Graduate
898,12th Pass
899,Graduate Professional
900,Post Graduate
901,Graduate
902,12th Pass
903,12th Pass
904,Graduate
905,Graduate Professional
906,Graduate
907,Graduate
908,Graduate
909,Graduate
910,Graduate
911,12th Pass
912,Post Graduate
913,Post Graduate
914,Graduate
915,Graduate Professional
916,12th Pass
917,Graduate
918,Post Graduate
919,Post Graduate
920,Graduate
921,Post Graduate
922,Graduate Professional
923,12th Pass
924,Post Graduate
925,10th Pass
926,12th Pass
927,Graduate
928,Graduate
929,Graduate Professional
930,Graduate
931,12th Pass
932,Post Graduate
933,Graduate Professional
934,Post Graduate
935,Graduate
936,Post Graduate
937,Graduate Professional
938,Graduate Professional
939,12th Pass
940,Post Graduate
941,Post Graduate
942,12th Pass
943,Graduate
944,Post Graduate
945,12th Pass
946,Post Graduate
947,Graduate
948,Graduate
949,Graduate
950,Post Graduate
951,Graduate
952,Graduate
953,Graduate
954,Graduate
955,Graduate
956,Graduate
957,Post Graduate
958,Graduate
959,Graduate
960,Graduate
961,10th Pass
962,Graduate
963,Graduate
964,Graduate
965,Post Graduate
966,Graduate Professional
967,Graduate
968,Graduate
969,Graduate
970,12th Pass
971,Graduate
972,Graduate Professional
973,12th Pass
974,Graduate
975,Graduate Professional
976,Graduate
977,12th Pass
978,Graduate
979,12th Pass
980,Graduate Professional
981,12th Pass
982,Graduate
983,Graduate
984,Graduate
985,Post Graduate
986,Graduate
987,12th Pass
988,Graduate
989,12th Pass
990,Post Graduate
991,Post Graduate
992,Graduate Professional
993,Graduate
994,Graduate Professional
995,Graduate
996,12th Pass
997,Post Graduate
998,Graduate
999,12th Pass
1000,Post Graduate
1001,Graduate
1002,Post Graduate
1003,Graduate
1004,10th Pass
1005,Graduate Professional
1006,Post Graduate
1007,Post Graduate
1008,Graduate
1009,Post Graduate
1010,Post Graduate
1011,Graduate
1012,Graduate
1013,Graduate Professional
1014,12th Pass
1015,Graduate
1016,Graduate
1017,Post Graduate
1018,Graduate
1019,12th Pass
1020,12th Pass
1021,Graduate
1022,Graduate
1023,Graduate
1024,Graduate
1025,Graduate
1026,Graduate
1027,12th Pass
1028,Graduate
1029,Graduate
1030,10th Pass
1031,Graduate Professional
1032,Graduate
1033,Graduate
1034,Post Graduate
1035,Graduate Professional
1036,Post Graduate
1037,Post Graduate
1038,Graduate
1039,Graduate
1040,Graduate Professional
1041,Post Graduate
1042,Graduate
1043,Post Graduate
1044,12th Pass
1045,Graduate
1046,12th Pass
1047,Graduate
1048,12th Pass
1049,Graduate
1050,Post Graduate
1051,Graduate
1052,Graduate
1053,Post Graduate
1054,Graduate Professional
1055,Graduate Professional
1056,Graduate Professional
1057,Post Graduate
1058,Post Graduate
1059,Graduate
1060,Post Graduate
1061,Graduate Professional
1062,12th Pass
1063,Graduate Professional
1064,Graduate
1065,10th Pass
1066,Graduate
1067,Graduate
1068,Graduate Professional
1069,Graduate
1070,10th Pass
1071,Graduate
1072,Post Graduate
1073,Graduate
1074,Graduate
1075,Graduate
1076,Post Graduate
1077,Graduate
1078,Graduate
1079,Graduate
1080,Post Graduate
1081,Post Graduate
1082,Graduate Professional
1083,Post Graduate
1084,Graduate Professional
1085,Post Graduate
1086,Graduate Professional
1087,10th Pass
1088,Graduate
1089,Graduate
1090,12th Pass
1091,Post Graduate
1092,Graduate
1093,10th Pass
1094,10th Pass
1095,Graduate
1096,Graduate
1097,12th Pass
1098,Graduate Professional
1099,Graduate
1100,Graduate
1101,Graduate
1102,Graduate
1103,12th Pass
1104,Graduate
1105,12th Pass
1106,Graduate
1107,Graduate
1108,Graduate
1109,Post Graduate
1110,Graduate
1111,12th Pass
1112,Graduate
1113,Post Graduate
1114,Graduate
1115,Graduate
1116,Graduate Professional
1117,Graduate Professional
1118,Post Graduate
1119,Graduate Professional
1120,10th Pass
1121,Post Graduate
1122,Graduate
1123,12th Pass
1124,Graduate
1125,Post Graduate
1126,Post Graduate
1127,10th Pass
1128,Post Graduate
1129,Graduate Professional
1130,12th Pass
1131,12th Pass
1132,Graduate
1133,Graduate
1134,Graduate
1135,Graduate
1136,Graduate
1137,Post Graduate
1138,Graduate
1139,12th Pass
1140,Graduate
1141,Graduate
1142,Graduate Professional
1143,Graduate
1144,Graduate
1145,Graduate
1146,12th Pass
1147,Graduate
1148,Post Graduate
1149,Graduate
1150,Graduate
1151,12th Pass
1152,Post Graduate
1153,Graduate
1154,Graduate
1155,12th Pass
1156,Graduate Professional
1157,10th Pass
1158,Graduate Professional
1159,Graduate
1160,Graduate
1161,10th Pass
1162,Graduate
1163,Graduate
1164,Graduate Professional
1165,Graduate Professional
1166,Graduate
1167,Post Graduate
1168,Graduate
1169,12th Pass
1170,10th Pass
1171,Graduate
1172,12th Pass
1173,Post Graduate
1174,Graduate Professional
1175,10th Pass
1176,Graduate Professional
1177,Graduate
1178,Post Graduate
1179,Graduate
1180,Post Graduate
1181,Post Graduate
1182,Graduate
1183,Graduate
1184,12th Pass
1185,Graduate
1186,12th Pass
1187,Graduate
1188,Graduate
1189,Graduate
1190,Graduate
1191,12th Pass
1192,Graduate Professional
1193,Post Graduate
1194,Graduate
1195,Post Graduate
1196,Graduate Professional
1197,Post Graduate
1198,Graduate
1199,Graduate Professional
1200,Graduate
1201,10th Pass
1202,Graduate
1203,12th Pass
1204,12th Pass
1205,Graduate
1206,Post Graduate
1207,Graduate
1208,Post Graduate
1209,Graduate
1210,Post Graduate
1211,Graduate
1212,Post Graduate
1213,Post Graduate
1214,Graduate
1215,Graduate
1216,Graduate Professional
1217,12th Pass
1218,Graduate
1219,Post Graduate
1220,12th Pass
1221,10th Pass
1222,Post Graduate
1223,Graduate
1224,Graduate
1225,Post Graduate
1226,Graduate
1227,Graduate Professional
1228,10th Pass
1229,12th Pass
1230,Post Graduate
1231,Graduate
1232,Graduate
1233,Graduate
1234,Post Graduate
1235,Graduate Professional
1236,Graduate
1237,10th Pass
1238,Post Graduate
1239,Post Graduate
1240,Post Graduate
1241,Post Graduate
1242,Graduate
1243,Graduate
1244,Post Graduate
1245,12th Pass
1246,Graduate Professional
1247,Graduate
1248,Post Graduate
1249,Post Graduate
1250,Graduate
1251,Graduate
1252,12th Pass
1253,Graduate
1254,Graduate Professional
1255,Post Graduate
1256,Post Graduate
1257,Post Graduate
1258,Graduate
1259,Post Graduate
1260,Post Graduate
1261,Graduate Professional
1262,Graduate
1263,Post Graduate
1264,12th Pass
1265,12th Pass
1266,Graduate Professional
1267,Graduate
1268,Graduate Professional
1269,12th Pass
1270,Graduate Professional
1271,Post Graduate
1272,Graduate
1273,Graduate
1274,Graduate
1275,Post Graduate
1276,Graduate
1277,Graduate
1278,Post Graduate
1279,Post Graduate
1280,Graduate
1281,Graduate
1282,Graduate
1283,Graduate Professional
1284,Graduate
1285,Graduate
1286,12th Pass
1287,Post Graduate
1288,10th Pass
1289,Graduate
1290,12th Pass
1291,10th Pass
1292,Graduate
1293,Post Graduate
1294,Post Graduate
1295,Graduate
1296,12th Pass
1297,Graduate
1298,Graduate Professional
1299,Graduate Professional
1300,Post Graduate
1301,Graduate Professional
1302,Graduate
1303,Graduate
1304,Post Graduate
1305,Graduate
1306,Post Graduate
1307,Graduate
1308,Graduate Professional
1309,Post Graduate
1310,Graduate
1311,Graduate
1312,Graduate
1313,Graduate Professional
1314,Graduate
1315,Graduate
1316,Graduate
1317,Graduate Professional
1318,Post Graduate
1319,Graduate
1320,10th Pass
1321,Graduate
1322,Graduate
1323,Graduate
1324,12th Pass
1325,Post Graduate
1326,Graduate
1327,Graduate
1328,Post Graduate
1329,Post Graduate
1330,Graduate
1331,Graduate
1332,Graduate
1333,Graduate
1334,10th Pass
1335,Graduate Professional
1336,Post Graduate
1337,Post Graduate
1338,Post Graduate
1339,Graduate
1340,Graduate Professional
1341,Graduate
1342,Post Graduate
1343,Graduate Professional
1344,Graduate
1345,10th Pass
1346,Post Graduate
1347,Graduate
1348,Graduate
1349,Graduate
1350,Graduate
1351,Graduate
1352,Graduate
1353,Post Graduate
1354,10th Pass
1355,Graduate
1356,Graduate
1357,Post Graduate
1358,12th Pass
1359,10th Pass
1360,Post Graduate
1361,Graduate
1362,Post Graduate
1363,Post Graduate
1364,Post Graduate
1365,Post Graduate
1366,Graduate Professional
1367,Post Graduate
1368,Graduate Professional
1369,10th Pass
1370,Post Graduate
1371,Graduate
1372,Graduate Professional
1373,Post Graduate
